-- MySQL dump 10.13  Distrib 8.0.30, for Win64 (x86_64)
--
-- Host: localhost    Database: spring_web
-- ------------------------------------------------------
-- Server version	8.0.30

/*!40101 SET @OLD_CHARACTER_SET_CLIENT=@@CHARACTER_SET_CLIENT */;
/*!40101 SET @OLD_CHARACTER_SET_RESULTS=@@CHARACTER_SET_RESULTS */;
/*!40101 SET @OLD_COLLATION_CONNECTION=@@COLLATION_CONNECTION */;
/*!50503 SET NAMES utf8 */;
/*!40103 SET @OLD_TIME_ZONE=@@TIME_ZONE */;
/*!40103 SET TIME_ZONE='+00:00' */;
/*!40014 SET @OLD_UNIQUE_CHECKS=@@UNIQUE_CHECKS, UNIQUE_CHECKS=0 */;
/*!40014 SET @OLD_FOREIGN_KEY_CHECKS=@@FOREIGN_KEY_CHECKS, FOREIGN_KEY_CHECKS=0 */;
/*!40101 SET @OLD_SQL_MODE=@@SQL_MODE, SQL_MODE='NO_AUTO_VALUE_ON_ZERO' */;
/*!40111 SET @OLD_SQL_NOTES=@@SQL_NOTES, SQL_NOTES=0 */;

--
-- Table structure for table `cart`
--

DROP TABLE IF EXISTS `cart`;
/*!40101 SET @saved_cs_client     = @@character_set_client */;
/*!50503 SET character_set_client = utf8mb4 */;
CREATE TABLE `cart` (
  `id` int NOT NULL,
  `user_id` int DEFAULT NULL,
  `cart_date` datetime(6) DEFAULT NULL,
  `product_id` bigint DEFAULT NULL,
  PRIMARY KEY (`id`),
  KEY `FK3d704slv66tw6x5hmbm6p2x3u` (`product_id`),
  KEY `FKl70asp4l4w0jmbm1tqyofho4o` (`user_id`),
  CONSTRAINT `FK3d704slv66tw6x5hmbm6p2x3u` FOREIGN KEY (`product_id`) REFERENCES `product` (`id`),
  CONSTRAINT `FKl70asp4l4w0jmbm1tqyofho4o` FOREIGN KEY (`user_id`) REFERENCES `user` (`no`)
) ENGINE=InnoDB DEFAULT CHARSET=utf8mb4 COLLATE=utf8mb4_0900_ai_ci;
/*!40101 SET character_set_client = @saved_cs_client */;

--
-- Dumping data for table `cart`
--

LOCK TABLES `cart` WRITE;
/*!40000 ALTER TABLE `cart` DISABLE KEYS */;
/*!40000 ALTER TABLE `cart` ENABLE KEYS */;
UNLOCK TABLES;

--
-- Table structure for table `cart_seq`
--

DROP TABLE IF EXISTS `cart_seq`;
/*!40101 SET @saved_cs_client     = @@character_set_client */;
/*!50503 SET character_set_client = utf8mb4 */;
CREATE TABLE `cart_seq` (
  `next_val` bigint DEFAULT NULL
) ENGINE=InnoDB DEFAULT CHARSET=utf8mb4 COLLATE=utf8mb4_0900_ai_ci;
/*!40101 SET character_set_client = @saved_cs_client */;

--
-- Dumping data for table `cart_seq`
--

LOCK TABLES `cart_seq` WRITE;
/*!40000 ALTER TABLE `cart_seq` DISABLE KEYS */;
INSERT INTO `cart_seq` VALUES (1);
/*!40000 ALTER TABLE `cart_seq` ENABLE KEYS */;
UNLOCK TABLES;

--
-- Table structure for table `order_product`
--

DROP TABLE IF EXISTS `order_product`;
/*!40101 SET @saved_cs_client     = @@character_set_client */;
/*!50503 SET character_set_client = utf8mb4 */;
CREATE TABLE `order_product` (
  `count` int NOT NULL,
  `order_price` int NOT NULL,
  `id` bigint NOT NULL,
  `order_id` bigint DEFAULT NULL,
  `product_id` bigint DEFAULT NULL,
  PRIMARY KEY (`id`),
  KEY `FKl5mnj9n0di7k1v90yxnthkc73` (`order_id`),
  KEY `FKhnfgqyjx3i80qoymrssls3kno` (`product_id`),
  CONSTRAINT `FKhnfgqyjx3i80qoymrssls3kno` FOREIGN KEY (`product_id`) REFERENCES `product` (`id`),
  CONSTRAINT `FKl5mnj9n0di7k1v90yxnthkc73` FOREIGN KEY (`order_id`) REFERENCES `orders` (`id`)
) ENGINE=InnoDB DEFAULT CHARSET=utf8mb4 COLLATE=utf8mb4_0900_ai_ci;
/*!40101 SET character_set_client = @saved_cs_client */;

--
-- Dumping data for table `order_product`
--

LOCK TABLES `order_product` WRITE;
/*!40000 ALTER TABLE `order_product` DISABLE KEYS */;
INSERT INTO `order_product` VALUES (1,29000,1,1,1),(2,29000,2,2,1),(1,29000,52,52,2);
/*!40000 ALTER TABLE `order_product` ENABLE KEYS */;
UNLOCK TABLES;

--
-- Table structure for table `order_product_seq`
--

DROP TABLE IF EXISTS `order_product_seq`;
/*!40101 SET @saved_cs_client     = @@character_set_client */;
/*!50503 SET character_set_client = utf8mb4 */;
CREATE TABLE `order_product_seq` (
  `next_val` bigint DEFAULT NULL
) ENGINE=InnoDB DEFAULT CHARSET=utf8mb4 COLLATE=utf8mb4_0900_ai_ci;
/*!40101 SET character_set_client = @saved_cs_client */;

--
-- Dumping data for table `order_product_seq`
--

LOCK TABLES `order_product_seq` WRITE;
/*!40000 ALTER TABLE `order_product_seq` DISABLE KEYS */;
INSERT INTO `order_product_seq` VALUES (151);
/*!40000 ALTER TABLE `order_product_seq` ENABLE KEYS */;
UNLOCK TABLES;

--
-- Table structure for table `orders`
--

DROP TABLE IF EXISTS `orders`;
/*!40101 SET @saved_cs_client     = @@character_set_client */;
/*!50503 SET character_set_client = utf8mb4 */;
CREATE TABLE `orders` (
  `user_id` int DEFAULT NULL,
  `id` bigint NOT NULL,
  `order_date` datetime(6) DEFAULT NULL,
  PRIMARY KEY (`id`),
  KEY `FKel9kyl84ego2otj2accfd8mr7` (`user_id`),
  CONSTRAINT `FKel9kyl84ego2otj2accfd8mr7` FOREIGN KEY (`user_id`) REFERENCES `user` (`no`)
) ENGINE=InnoDB DEFAULT CHARSET=utf8mb4 COLLATE=utf8mb4_0900_ai_ci;
/*!40101 SET character_set_client = @saved_cs_client */;

--
-- Dumping data for table `orders`
--

LOCK TABLES `orders` WRITE;
/*!40000 ALTER TABLE `orders` DISABLE KEYS */;
INSERT INTO `orders` VALUES (2,1,'2023-10-06 02:45:42.121560'),(2,2,'2023-10-06 02:45:54.829554'),(1,52,'2023-10-06 04:25:52.874957');
/*!40000 ALTER TABLE `orders` ENABLE KEYS */;
UNLOCK TABLES;

--
-- Table structure for table `orders_seq`
--

DROP TABLE IF EXISTS `orders_seq`;
/*!40101 SET @saved_cs_client     = @@character_set_client */;
/*!50503 SET character_set_client = utf8mb4 */;
CREATE TABLE `orders_seq` (
  `next_val` bigint DEFAULT NULL
) ENGINE=InnoDB DEFAULT CHARSET=utf8mb4 COLLATE=utf8mb4_0900_ai_ci;
/*!40101 SET character_set_client = @saved_cs_client */;

--
-- Dumping data for table `orders_seq`
--

LOCK TABLES `orders_seq` WRITE;
/*!40000 ALTER TABLE `orders_seq` DISABLE KEYS */;
INSERT INTO `orders_seq` VALUES (151);
/*!40000 ALTER TABLE `orders_seq` ENABLE KEYS */;
UNLOCK TABLES;

--
-- Table structure for table `payments`
--

DROP TABLE IF EXISTS `payments`;
/*!40101 SET @saved_cs_client     = @@character_set_client */;
/*!50503 SET character_set_client = utf8mb4 */;
CREATE TABLE `payments` (
  `amount` int NOT NULL,
  `id` int NOT NULL,
  `date` datetime(6) DEFAULT NULL,
  `method` varchar(255) DEFAULT NULL,
  `status` varchar(255) DEFAULT NULL,
  PRIMARY KEY (`id`)
) ENGINE=InnoDB DEFAULT CHARSET=utf8mb4 COLLATE=utf8mb4_0900_ai_ci;
/*!40101 SET character_set_client = @saved_cs_client */;

--
-- Dumping data for table `payments`
--

LOCK TABLES `payments` WRITE;
/*!40000 ALTER TABLE `payments` DISABLE KEYS */;
/*!40000 ALTER TABLE `payments` ENABLE KEYS */;
UNLOCK TABLES;

--
-- Table structure for table `payments_seq`
--

DROP TABLE IF EXISTS `payments_seq`;
/*!40101 SET @saved_cs_client     = @@character_set_client */;
/*!50503 SET character_set_client = utf8mb4 */;
CREATE TABLE `payments_seq` (
  `next_val` bigint DEFAULT NULL
) ENGINE=InnoDB DEFAULT CHARSET=utf8mb4 COLLATE=utf8mb4_0900_ai_ci;
/*!40101 SET character_set_client = @saved_cs_client */;

--
-- Dumping data for table `payments_seq`
--

LOCK TABLES `payments_seq` WRITE;
/*!40000 ALTER TABLE `payments_seq` DISABLE KEYS */;
INSERT INTO `payments_seq` VALUES (1);
/*!40000 ALTER TABLE `payments_seq` ENABLE KEYS */;
UNLOCK TABLES;

--
-- Table structure for table `product`
--

DROP TABLE IF EXISTS `product`;
/*!40101 SET @saved_cs_client     = @@character_set_client */;
/*!50503 SET character_set_client = utf8mb4 */;
CREATE TABLE `product` (
  `price` int NOT NULL,
  `size` tinyint NOT NULL,
  `stock` int NOT NULL,
  `id` bigint NOT NULL,
  `name` varchar(50) NOT NULL,
  `category` varchar(255) DEFAULT NULL,
  `color` varchar(255) NOT NULL,
  PRIMARY KEY (`id`)
) ENGINE=InnoDB DEFAULT CHARSET=utf8mb4 COLLATE=utf8mb4_0900_ai_ci;
/*!40101 SET character_set_client = @saved_cs_client */;

--
-- Dumping data for table `product`
--

LOCK TABLES `product` WRITE;
/*!40000 ALTER TABLE `product` DISABLE KEYS */;
INSERT INTO `product` VALUES (29000,0,0,1,'test','TOP','WHITE'),(29000,0,29,2,'test','TOP','BLACK');
/*!40000 ALTER TABLE `product` ENABLE KEYS */;
UNLOCK TABLES;

--
-- Table structure for table `product_img`
--

DROP TABLE IF EXISTS `product_img`;
/*!40101 SET @saved_cs_client     = @@character_set_client */;
/*!50503 SET character_set_client = utf8mb4 */;
CREATE TABLE `product_img` (
  `id` bigint NOT NULL,
  `product_id` bigint DEFAULT NULL,
  `img_name` varchar(255) DEFAULT NULL,
  `img_url` varchar(255) DEFAULT NULL,
  `ori_img_name` varchar(255) DEFAULT NULL,
  PRIMARY KEY (`id`),
  KEY `FKbnvmhern60vx5hlvaa3ba9u8h` (`product_id`),
  CONSTRAINT `FKbnvmhern60vx5hlvaa3ba9u8h` FOREIGN KEY (`product_id`) REFERENCES `product` (`id`)
) ENGINE=InnoDB DEFAULT CHARSET=utf8mb4 COLLATE=utf8mb4_0900_ai_ci;
/*!40101 SET character_set_client = @saved_cs_client */;

--
-- Dumping data for table `product_img`
--

LOCK TABLES `product_img` WRITE;
/*!40000 ALTER TABLE `product_img` DISABLE KEYS */;
INSERT INTO `product_img` VALUES (1,1,'f6dc9d51-df2c-486a-8249-d7fa14507aca.PNG','/img/productImg/f6dc9d51-df2c-486a-8249-d7fa14507aca.PNG','q1.PNG'),(2,1,'1577f2ed-73cf-4366-bfee-710f73d02537.PNG','/img/productImg/1577f2ed-73cf-4366-bfee-710f73d02537.PNG','q1.PNG'),(3,1,'ef9f883e-f69d-4985-b3b9-4d0a114d13ea.PNG','/img/productImg/ef9f883e-f69d-4985-b3b9-4d0a114d13ea.PNG','q2.PNG'),(4,1,'','',''),(5,1,'','',''),(52,2,'1298bbed-2731-41c4-8ac8-b2c5dfdbf3d6.PNG','/img/productImg/1298bbed-2731-41c4-8ac8-b2c5dfdbf3d6.PNG','q3.PNG'),(53,2,'60bbf31a-c104-470c-9457-b335d25630a6.PNG','/img/productImg/60bbf31a-c104-470c-9457-b335d25630a6.PNG','q3.PNG'),(54,2,'73878c20-3ace-482e-b5a3-86af816c7a52.PNG','/img/productImg/73878c20-3ace-482e-b5a3-86af816c7a52.PNG','q2.PNG'),(55,2,'','',''),(56,2,'','','');
/*!40000 ALTER TABLE `product_img` ENABLE KEYS */;
UNLOCK TABLES;

--
-- Table structure for table `product_img_seq`
--

DROP TABLE IF EXISTS `product_img_seq`;
/*!40101 SET @saved_cs_client     = @@character_set_client */;
/*!50503 SET character_set_client = utf8mb4 */;
CREATE TABLE `product_img_seq` (
  `next_val` bigint DEFAULT NULL
) ENGINE=InnoDB DEFAULT CHARSET=utf8mb4 COLLATE=utf8mb4_0900_ai_ci;
/*!40101 SET character_set_client = @saved_cs_client */;

--
-- Dumping data for table `product_img_seq`
--

LOCK TABLES `product_img_seq` WRITE;
/*!40000 ALTER TABLE `product_img_seq` DISABLE KEYS */;
INSERT INTO `product_img_seq` VALUES (151);
/*!40000 ALTER TABLE `product_img_seq` ENABLE KEYS */;
UNLOCK TABLES;

--
-- Table structure for table `product_seq`
--

DROP TABLE IF EXISTS `product_seq`;
/*!40101 SET @saved_cs_client     = @@character_set_client */;
/*!50503 SET character_set_client = utf8mb4 */;
CREATE TABLE `product_seq` (
  `next_val` bigint DEFAULT NULL
) ENGINE=InnoDB DEFAULT CHARSET=utf8mb4 COLLATE=utf8mb4_0900_ai_ci;
/*!40101 SET character_set_client = @saved_cs_client */;

--
-- Dumping data for table `product_seq`
--

LOCK TABLES `product_seq` WRITE;
/*!40000 ALTER TABLE `product_seq` DISABLE KEYS */;
INSERT INTO `product_seq` VALUES (101);
/*!40000 ALTER TABLE `product_seq` ENABLE KEYS */;
UNLOCK TABLES;

--
-- Table structure for table `question`
--

DROP TABLE IF EXISTS `question`;
/*!40101 SET @saved_cs_client     = @@character_set_client */;
/*!50503 SET character_set_client = utf8mb4 */;
CREATE TABLE `question` (
  `id` int NOT NULL,
  `content` varchar(255) DEFAULT NULL,
  `title` varchar(255) DEFAULT NULL,
  PRIMARY KEY (`id`)
) ENGINE=InnoDB DEFAULT CHARSET=utf8mb4 COLLATE=utf8mb4_0900_ai_ci;
/*!40101 SET character_set_client = @saved_cs_client */;

--
-- Dumping data for table `question`
--

LOCK TABLES `question` WRITE;
/*!40000 ALTER TABLE `question` DISABLE KEYS */;
/*!40000 ALTER TABLE `question` ENABLE KEYS */;
UNLOCK TABLES;

--
-- Table structure for table `question_seq`
--

DROP TABLE IF EXISTS `question_seq`;
/*!40101 SET @saved_cs_client     = @@character_set_client */;
/*!50503 SET character_set_client = utf8mb4 */;
CREATE TABLE `question_seq` (
  `next_val` bigint DEFAULT NULL
) ENGINE=InnoDB DEFAULT CHARSET=utf8mb4 COLLATE=utf8mb4_0900_ai_ci;
/*!40101 SET character_set_client = @saved_cs_client */;

--
-- Dumping data for table `question_seq`
--

LOCK TABLES `question_seq` WRITE;
/*!40000 ALTER TABLE `question_seq` DISABLE KEYS */;
INSERT INTO `question_seq` VALUES (1);
/*!40000 ALTER TABLE `question_seq` ENABLE KEYS */;
UNLOCK TABLES;

--
-- Table structure for table `role`
--

DROP TABLE IF EXISTS `role`;
/*!40101 SET @saved_cs_client     = @@character_set_client */;
/*!50503 SET character_set_client = utf8mb4 */;
CREATE TABLE `role` (
  `id` bigint NOT NULL AUTO_INCREMENT,
  `name` varchar(255) DEFAULT NULL,
  PRIMARY KEY (`id`)
) ENGINE=InnoDB AUTO_INCREMENT=3 DEFAULT CHARSET=utf8mb4 COLLATE=utf8mb4_0900_ai_ci;
/*!40101 SET character_set_client = @saved_cs_client */;

--
-- Dumping data for table `role`
--

LOCK TABLES `role` WRITE;
/*!40000 ALTER TABLE `role` DISABLE KEYS */;
INSERT INTO `role` VALUES (1,'ROLE_USER'),(2,'ROLE_ADMIN');
/*!40000 ALTER TABLE `role` ENABLE KEYS */;
UNLOCK TABLES;

--
-- Table structure for table `used`
--

DROP TABLE IF EXISTS `used`;
/*!40101 SET @saved_cs_client     = @@character_set_client */;
/*!50503 SET character_set_client = utf8mb4 */;
CREATE TABLE `used` (
  `price` int NOT NULL,
  `order_id` bigint DEFAULT NULL,
  `used_no` bigint NOT NULL,
  `content` varchar(255) DEFAULT NULL,
  `title` varchar(255) DEFAULT NULL,
  PRIMARY KEY (`used_no`),
  UNIQUE KEY `UK_o1dsps34n5c8xw2ch7x76ff8v` (`order_id`),
  CONSTRAINT `FK147abaeqrxrgoubqjtpk4kwwt` FOREIGN KEY (`order_id`) REFERENCES `orders` (`id`)
) ENGINE=InnoDB DEFAULT CHARSET=utf8mb4 COLLATE=utf8mb4_0900_ai_ci;
/*!40101 SET character_set_client = @saved_cs_client */;

--
-- Dumping data for table `used`
--

LOCK TABLES `used` WRITE;
/*!40000 ALTER TABLE `used` DISABLE KEYS */;
/*!40000 ALTER TABLE `used` ENABLE KEYS */;
UNLOCK TABLES;

--
-- Table structure for table `used_seq`
--

DROP TABLE IF EXISTS `used_seq`;
/*!40101 SET @saved_cs_client     = @@character_set_client */;
/*!50503 SET character_set_client = utf8mb4 */;
CREATE TABLE `used_seq` (
  `next_val` bigint DEFAULT NULL
) ENGINE=InnoDB DEFAULT CHARSET=utf8mb4 COLLATE=utf8mb4_0900_ai_ci;
/*!40101 SET character_set_client = @saved_cs_client */;

--
-- Dumping data for table `used_seq`
--

LOCK TABLES `used_seq` WRITE;
/*!40000 ALTER TABLE `used_seq` DISABLE KEYS */;
INSERT INTO `used_seq` VALUES (1);
/*!40000 ALTER TABLE `used_seq` ENABLE KEYS */;
UNLOCK TABLES;

--
-- Table structure for table `usedcomment`
--

DROP TABLE IF EXISTS `usedcomment`;
/*!40101 SET @saved_cs_client     = @@character_set_client */;
/*!50503 SET character_set_client = utf8mb4 */;
CREATE TABLE `usedcomment` (
  `user_id` int DEFAULT NULL,
  `id` bigint NOT NULL,
  `used_id` bigint DEFAULT NULL,
  `content` varchar(255) DEFAULT NULL,
  PRIMARY KEY (`id`),
  UNIQUE KEY `UK_jm4s7bhy8yn389g8bvleq2958` (`user_id`),
  KEY `FKiigx316t0wdk37bvv1dlo5ksc` (`used_id`),
  CONSTRAINT `FKiigx316t0wdk37bvv1dlo5ksc` FOREIGN KEY (`used_id`) REFERENCES `used` (`used_no`),
  CONSTRAINT `FKk9fyuaok2ucmb0ero7i2umxi4` FOREIGN KEY (`user_id`) REFERENCES `user` (`no`)
) ENGINE=InnoDB DEFAULT CHARSET=utf8mb4 COLLATE=utf8mb4_0900_ai_ci;
/*!40101 SET character_set_client = @saved_cs_client */;

--
-- Dumping data for table `usedcomment`
--

LOCK TABLES `usedcomment` WRITE;
/*!40000 ALTER TABLE `usedcomment` DISABLE KEYS */;
/*!40000 ALTER TABLE `usedcomment` ENABLE KEYS */;
UNLOCK TABLES;

--
-- Table structure for table `usedcomment_seq`
--

DROP TABLE IF EXISTS `usedcomment_seq`;
/*!40101 SET @saved_cs_client     = @@character_set_client */;
/*!50503 SET character_set_client = utf8mb4 */;
CREATE TABLE `usedcomment_seq` (
  `next_val` bigint DEFAULT NULL
) ENGINE=InnoDB DEFAULT CHARSET=utf8mb4 COLLATE=utf8mb4_0900_ai_ci;
/*!40101 SET character_set_client = @saved_cs_client */;

--
-- Dumping data for table `usedcomment_seq`
--

LOCK TABLES `usedcomment_seq` WRITE;
/*!40000 ALTER TABLE `usedcomment_seq` DISABLE KEYS */;
INSERT INTO `usedcomment_seq` VALUES (1);
/*!40000 ALTER TABLE `usedcomment_seq` ENABLE KEYS */;
UNLOCK TABLES;

--
-- Table structure for table `user`
--

DROP TABLE IF EXISTS `user`;
/*!40101 SET @saved_cs_client     = @@character_set_client */;
/*!50503 SET character_set_client = utf8mb4 */;
CREATE TABLE `user` (
  `enabled` bit(1) DEFAULT NULL,
  `no` int NOT NULL,
  `gender` enum('FEMALE','MALE') DEFAULT NULL,
  `name` varchar(255) DEFAULT NULL,
  `password` varchar(255) DEFAULT NULL,
  `phone` varchar(255) DEFAULT NULL,
  `username` varchar(255) DEFAULT NULL,
  PRIMARY KEY (`no`),
  UNIQUE KEY `UK_sb8bbouer5wak8vyiiy4pf2bx` (`username`)
) ENGINE=InnoDB DEFAULT CHARSET=utf8mb4 COLLATE=utf8mb4_0900_ai_ci;
/*!40101 SET character_set_client = @saved_cs_client */;

--
-- Dumping data for table `user`
--

LOCK TABLES `user` WRITE;
/*!40000 ALTER TABLE `user` DISABLE KEYS */;
INSERT INTO `user` VALUES (_binary '',1,NULL,NULL,'$2a$10$gWxlNNOwK7ASHkwO4ol0U.qs0twDhn5lRgo3E1M35Z/OwDd6NN.W.',NULL,'test'),(_binary '',2,NULL,NULL,'$2a$10$jzH8QOwllneYfJbs1yrlaOMH3PuMI/0xQwTd7yRMTJEHzj8NFa5Xa',NULL,'admin');
/*!40000 ALTER TABLE `user` ENABLE KEYS */;
UNLOCK TABLES;

--
-- Table structure for table `user_role`
--

DROP TABLE IF EXISTS `user_role`;
/*!40101 SET @saved_cs_client     = @@character_set_client */;
/*!50503 SET character_set_client = utf8mb4 */;
CREATE TABLE `user_role` (
  `no` int NOT NULL,
  `role_id` bigint NOT NULL,
  KEY `FKa68196081fvovjhkek5m97n3y` (`role_id`),
  KEY `FKok89seqqffv6ha97rknbxkirp` (`no`),
  CONSTRAINT `FKa68196081fvovjhkek5m97n3y` FOREIGN KEY (`role_id`) REFERENCES `role` (`id`),
  CONSTRAINT `FKok89seqqffv6ha97rknbxkirp` FOREIGN KEY (`no`) REFERENCES `user` (`no`)
) ENGINE=InnoDB DEFAULT CHARSET=utf8mb4 COLLATE=utf8mb4_0900_ai_ci;
/*!40101 SET character_set_client = @saved_cs_client */;

--
-- Dumping data for table `user_role`
--

LOCK TABLES `user_role` WRITE;
/*!40000 ALTER TABLE `user_role` DISABLE KEYS */;
INSERT INTO `user_role` VALUES (1,1),(2,2);
/*!40000 ALTER TABLE `user_role` ENABLE KEYS */;
UNLOCK TABLES;

--
-- Table structure for table `user_seq`
--

DROP TABLE IF EXISTS `user_seq`;
/*!40101 SET @saved_cs_client     = @@character_set_client */;
/*!50503 SET character_set_client = utf8mb4 */;
CREATE TABLE `user_seq` (
  `next_val` bigint DEFAULT NULL
) ENGINE=InnoDB DEFAULT CHARSET=utf8mb4 COLLATE=utf8mb4_0900_ai_ci;
/*!40101 SET character_set_client = @saved_cs_client */;

--
-- Dumping data for table `user_seq`
--

LOCK TABLES `user_seq` WRITE;
/*!40000 ALTER TABLE `user_seq` DISABLE KEYS */;
INSERT INTO `user_seq` VALUES (101);
/*!40000 ALTER TABLE `user_seq` ENABLE KEYS */;
UNLOCK TABLES;
/*!40103 SET TIME_ZONE=@OLD_TIME_ZONE */;

/*!40101 SET SQL_MODE=@OLD_SQL_MODE */;
/*!40014 SET FOREIGN_KEY_CHECKS=@OLD_FOREIGN_KEY_CHECKS */;
/*!40014 SET UNIQUE_CHECKS=@OLD_UNIQUE_CHECKS */;
/*!40101 SET CHARACTER_SET_CLIENT=@OLD_CHARACTER_SET_CLIENT */;
/*!40101 SET CHARACTER_SET_RESULTS=@OLD_CHARACTER_SET_RESULTS */;
/*!40101 SET COLLATION_CONNECTION=@OLD_COLLATION_CONNECTION */;
/*!40111 SET SQL_NOTES=@OLD_SQL_NOTES */;

-- Dump completed on 2023-10-06 13:33:38
